<?xml version="1.0"?>
<doc>
    <assembly>
        <name>ExceptionReporter.NET</name>
    </assembly>
    <members>
        <member name="T:ExceptionReporting.Core.ExceptionReporterExtensions">
            <summary>
            All extension methods for ExceptionReporter
            It's important this class is internal/not public - else it will pollute the assembly consumer's extensions
            </summary>
        </member>
        <member name="M:ExceptionReporting.Core.ExceptionReporterExtensions.Truncate(System.String,System.Int32)">
            <summary>
            Truncate the specified value and length
            </summary>
        </member>
        <member name="T:ExceptionReporting.Core.ScreenshotTaker">
            <summary>
            Utility to take a screenshot and return as a graphic file 
            </summary>
        </member>
        <member name="M:ExceptionReporting.Core.ScreenshotTaker.TakeScreenShot">
            <summary> Take a screenshot (supports multiple monitors) </summary>
            <returns>temp file name of JPEG image</returns>
        </member>
        <member name="M:ExceptionReporting.Core.ScreenshotTaker.GetImageAsFile(System.Drawing.Image)">
            <summary>
            Return the supplied Bitmap, as a file on the system, in JPEG format
            </summary>
            <param name="bitmap">The Bitmap to save</param>
        </member>
        <member name="T:ExceptionReporting.Core.FileService">
            <summary>
            a class for file operations that can be mocked out for tests
            </summary>
        </member>
        <member name="M:ExceptionReporting.Core.FileService.TempFile(System.String)">
            <summary>
            Returns a file with given name, in system TEMP path
            </summary>
            <returns>The filename, ready for use</returns>
        </member>
        <member name="M:ExceptionReporting.Core.FileService.Write(System.String,System.String)">
            <summary>
            writes a given filename with the given text content (presumably a report) to disk
            </summary>
            <param name="file"></param>
            <param name="report"></param>
            <returns>whether save succeeded and the exception in a single <see cref="T:ExceptionReporting.Core.FileSaveResult"/> object </returns>
        </member>
        <member name="T:ExceptionReporting.ExceptionReporter">
            <summary>
            The entry-point (class) to invoking an ExceptionReporter dialog
            eg new ExceptionReporter().Show(exceptions)
            </summary>
        </member>
        <member name="P:ExceptionReporting.ExceptionReporter.ViewMaker">
            <summary>
            Contract by which to show any dialogs/view
            </summary>
        </member>
        <member name="M:ExceptionReporting.ExceptionReporter.#ctor">
            <summary>
            Initialise the ExceptionReporter
            </summary>
        </member>
        <member name="P:ExceptionReporting.ExceptionReporter.Config">
            <summary>
            Public access to configuration/settings
            </summary>
        </member>
        <member name="M:ExceptionReporting.ExceptionReporter.Show(System.Exception[])">
            <summary>
            Show the ExceptionReport dialog
            </summary>
            <remarks>The <see cref="T:ExceptionReporting.ExceptionReporter"/> will analyze the <see cref="T:System.Exception"/>s and 
            create and show the report dialog.</remarks>
            <param name="exceptions">The <see cref="T:System.Exception"/>s to show.</param>
        </member>
        <member name="M:ExceptionReporting.ExceptionReporter.Show(System.String,System.Exception[])">
            <summary>
            Show the ExceptionReport dialog with a custom message instead of the Exception's Message property
            </summary>
            <param name="customMessage">custom (exception) message</param>
            <param name="exceptions">The exception/s to display in the exception report</param>
        </member>
        <member name="M:ExceptionReporting.ExceptionReporter.Send(ExceptionReporting.Network.Events.IReportSendEvent,System.Exception[])">
            <summary>
            Send the report, asynchronously, without showing a dialog (silent send)
            <see cref="P:ExceptionReporting.ExceptionReportInfo.SendMethod"/>must be SMTP or WebService, else this is ignored (silently)
            </summary>
            <param name="sendEvent">Provide implementation of IReportSendEvent to receive error/updates on calling thread</param>
            <param name="exceptions">The exception/s to include in the report</param>
        </member>
        <member name="M:ExceptionReporting.ExceptionReporter.Send(System.Exception[])">
            <summary>
            Send the report, asynchronously, without showing a dialog (silent send)
            <see cref="P:ExceptionReporting.ExceptionReportInfo.SendMethod"/>must be SMTP or WebService, else this is ignored (silently)
            </summary>
            <param name="exceptions">The exception/s to include in the report</param>
        </member>
        <member name="M:ExceptionReporting.ExceptionReporter.IsRunningMono">
            <returns><c>true</c>, if running mono <c>false</c> otherwise.</returns>
        </member>
        <member name="M:ExceptionReporting.ExceptionReporter.NotRunningMono">
            <returns><c>true</c>, if not running mono <c>false</c> otherwise.</returns>
        </member>
        <member name="T:ExceptionReporting.MVP.Presenters.ExceptionReportPresenter">
            <summary>
            The Presenter in this MVP (Model-View-Presenter) implementation 
            </summary>
        </member>
        <member name="M:ExceptionReporting.MVP.Presenters.ExceptionReportPresenter.#ctor(ExceptionReporting.MVP.Views.IExceptionReportView,ExceptionReporting.ExceptionReportInfo)">
            <summary>
            constructor accepting a view and the data/config of the report
            </summary>
        </member>
        <member name="P:ExceptionReporting.MVP.Presenters.ExceptionReportPresenter.ReportInfo">
            <summary> Report configuration and data  </summary>
        </member>
        <member name="P:ExceptionReporting.MVP.Presenters.ExceptionReportPresenter.View">
            <summary> The main dialog/view  </summary>
        </member>
        <member name="M:ExceptionReporting.MVP.Presenters.ExceptionReportPresenter.SaveReportToFile(System.String)">
            <summary>
            Save the exception report to file/disk
            </summary>
            <param name="fileName">the filename to save to</param>
        </member>
        <member name="M:ExceptionReporting.MVP.Presenters.ExceptionReportPresenter.SendReport">
            <summary>
            Send the exception report using the configured send method
            </summary>
        </member>
        <member name="M:ExceptionReporting.MVP.Presenters.ExceptionReportPresenter.CopyReportToClipboard">
            <summary>
            copy the report to the clipboard
            </summary>
        </member>
        <member name="M:ExceptionReporting.MVP.Presenters.ExceptionReportPresenter.ToggleDetail">
            <summary>
            toggle the detail between 'simple' (just message) and showFullDetail (ie normal)
            </summary>
        </member>
        <member name="M:ExceptionReporting.MVP.Presenters.ExceptionReportPresenter.GetSysInfoResults">
            <summary>
            Fetch the WMI system information
            </summary>
        </member>
        <member name="M:ExceptionReporting.MVP.Presenters.ExceptionReportPresenter.PopulateReport">
            <summary>
            The main entry point, populates the report with everything it needs
            </summary>
        </member>
        <member name="F:ExceptionReporting.MVP.Views.ExceptionDetailControl.components">
            <summary> 
            Required designer variable.
            </summary>
        </member>
        <member name="M:ExceptionReporting.MVP.Views.ExceptionDetailControl.Dispose(System.Boolean)">
            <summary> 
            Clean up any resources being used.
            </summary>
            <param name="disposing">true if managed resources should be disposed; otherwise, false.</param>
        </member>
        <member name="M:ExceptionReporting.MVP.Views.ExceptionDetailControl.InitializeComponent">
            <summary> 
            Required method for Designer support - do not modify 
            the contents of this method with the code editor.
            </summary>
        </member>
        <member name="T:ExceptionReporting.MVP.Views.ExceptionReportView">
            <summary>
            The main ExceptionReporter dialog
            </summary>
        </member>
        <member name="M:ExceptionReporting.MVP.Views.ExceptionReportView.PopulateTabs">
            <summary>
            starts with all tabs visible, and removes ones that aren't configured to show
            </summary>
        </member>
        <member name="F:ExceptionReporting.MVP.Views.ExceptionReportView.components">
            <summary>
            Required designer variable.
            </summary>
        </member>
        <member name="M:ExceptionReporting.MVP.Views.ExceptionReportView.Dispose(System.Boolean)">
            <summary>
            Clean up any resources being used.
            </summary>
            <param name="disposing">true if managed resources should be disposed; otherwise, false.</param>
        </member>
        <member name="M:ExceptionReporting.MVP.Views.ExceptionReportView.InitializeComponent">
            <summary>
            Required method for Designer support - do not modify
            the contents of this method with the code editor.
            </summary>
        </member>
        <member name="T:ExceptionReporting.MVP.Views.IExceptionReportView">
            <summary>
            The interface (contract) for an ExceptionReport dialog/View
            </summary>
        </member>
        <member name="M:ExceptionReporting.Network.Senders.MapiMailSender.Send(System.String)">
            <summary>
            Try send via installed Email client
            Uses Simple-MAPI.NET library - https://github.com/PandaWood/Simple-MAPI.NET
            </summary>
        </member>
        <member name="M:ExceptionReporting.Network.Senders.SmtpMailSender.Send(System.String)">
            <summary>
            Send SMTP email, uses native .NET SmtpClient library
            Requires following ExceptionReportInfo properties to be set:
            SmtpPort, SmtpUseSsl, SmtpUsername, SmtpPassword, SmtpFromAddress, EmailReportAddress
            </summary>
        </member>
        <member name="T:ExceptionReporting.Network.Senders.ExceptionReporterWebClient">
            <summary>
            override of WebClient - this is the only way to set a timeout
            </summary>
        </member>
        <member name="T:ExceptionReporting.Network.Events.ConsoleSendEvent">
            <summary>
            Email send event - default implementation
            Override this to create your own or implement the IEmailSendEvent with your own class
            </summary>
        </member>
        <member name="M:ExceptionReporting.Network.Events.ConsoleSendEvent.Completed(System.Boolean)">
            <summary>
            email send completed
            </summary>
        </member>
        <member name="M:ExceptionReporting.Network.Events.ConsoleSendEvent.ShowError(System.String,System.Exception)">
            <summary>
            Shows an error - only if occurred
            </summary>
        </member>
        <member name="T:ExceptionReporting.Network.Events.IReportSendEvent">
            <summary>
            Represents the events required of a report sender
            </summary>
        </member>
        <member name="M:ExceptionReporting.Network.Events.IReportSendEvent.Completed(System.Boolean)">
            <summary>
            send completed
            </summary>
        </member>
        <member name="M:ExceptionReporting.Network.Events.IReportSendEvent.ShowError(System.String,System.Exception)">
            <summary>
            show an error
            </summary>
        </member>
        <member name="T:ExceptionReporting.Network.Events.SilentSendEvent">
            <summary>
            A fake/slient version of the events responding to sending
            </summary>
        </member>
        <member name="M:ExceptionReporting.Network.Events.SilentSendEvent.Completed(System.Boolean)">
            <summary>
            silent complete
            </summary>
        </member>
        <member name="M:ExceptionReporting.Network.Events.SilentSendEvent.ShowError(System.String,System.Exception)">
            <summary>
            silent error
            </summary>
        </member>
        <member name="T:ExceptionReporting.Network.ReportPacket">
            <summary>
            A class representing the JSON packet that is sent to the configured WebService
            We use DataContract serialization technique here for 2 reasons:
            1 - To avoid going higher than .NET 4 Framework (most better options require >= 4.5)
            2 - It would seem overkill to include another library like JSON.NET, just for this tiny requirement
            </summary>
        </member>
        <member name="T:ExceptionReporting.Network.IReportSender">
            <summary>
            One who sends reports - generally separated by communication method
            </summary>
        </member>
        <member name="M:ExceptionReporting.Network.IReportSender.Send(System.String)">
            <summary>
            Send the report using implementation destination
            </summary>
        </member>
        <member name="P:ExceptionReporting.Network.IReportSender.Description">
            <summary>
            One-word description of the sender type
            </summary>
        </member>
        <member name="P:ExceptionReporting.Network.IReportSender.ConnectingMessage">
            <summary>
            Message to describe connection impending
            </summary>
        </member>
        <member name="T:ExceptionReporting.ExceptionReportInfo">
            <summary>
            A bag of configuration and data
            </summary>
        </member>
        <member name="P:ExceptionReporting.ExceptionReportInfo.MainException">
            <summary>
            The Main (usually the 'only') exception, which is the subject of this exception 'report'
            Setting this property will clear any previously set exceptions
            <remarks>
            If multiple top-level exceptions are required, use <see cref="M:ExceptionReporting.ExceptionReportInfo.SetExceptions(System.Collections.Generic.IEnumerable{System.Exception})"/> instead
            </remarks>
            </summary>
        </member>
        <member name="M:ExceptionReporting.ExceptionReportInfo.SetExceptions(System.Collections.Generic.IEnumerable{System.Exception})">
            <summary>
            Add multiple exceptions
            <remarks>
            Note: Showing multiple exceptions is a special-case requirement
            To set only 1 top-level exception use <see cref="P:ExceptionReporting.ExceptionReportInfo.MainException"/> property instead
            </remarks>
            </summary>
        </member>
        <member name="P:ExceptionReporting.ExceptionReportInfo.CustomMessage">
            <summary>
            Override the Exception.Message property
            ie a custom message to show in place of the Exception Message
            NB this can also be set in the 1st parameter of <see cref="M:ExceptionReporting.ExceptionReporter.Show(System.String,System.Exception[])"/>
            </summary>
        </member>
        <member name="P:ExceptionReporting.ExceptionReportInfo.SmtpPort">
            <summary>
            Uses default port if not set (ie 25)
            </summary>
        </member>
        <member name="P:ExceptionReporting.ExceptionReportInfo.SmtpUseSsl">
            <summary>
            Whether SMTP uses SSL
            </summary>
        </member>
        <member name="P:ExceptionReporting.ExceptionReportInfo.SmtpUseDefaultCredentials">
            <summary>
            Use default credentials of the user (alternatively set false supply SmtpUsername/SmtpPassword)
            </summary>
        </member>
        <member name="P:ExceptionReporting.ExceptionReportInfo.SmtpMailPriority">
            <summary>
            Priority of the Email message
            </summary>
        </member>
        <member name="P:ExceptionReporting.ExceptionReportInfo.AppName">
            <summary>
            The name of the application calling the exception report
            </summary>
        </member>
        <member name="P:ExceptionReporting.ExceptionReportInfo.AppVersion">
            <summary>
            The version of the application calling the exception report
            set automatically by <see cref="T:ExceptionReporting.ReportGenerator"/> from either the assembly or ApplicationDeployment
            if deployed using ClickOnce
            </summary>
        </member>
        <member name="P:ExceptionReporting.ExceptionReportInfo.RegionInfo">
            <summary>
            Region information - set automatically by <see cref="T:ExceptionReporting.ReportGenerator"/>
            </summary>
        </member>
        <member name="P:ExceptionReporting.ExceptionReportInfo.UserName">
            <summary>
            User Name shown in a report.
            If this value is empty, the value and any label/field will be hidden 
            </summary>
        </member>
        <member name="P:ExceptionReporting.ExceptionReportInfo.ExceptionDate">
            <summary>
            Date/time of the exception being raised - will be set automatically by <see cref="T:ExceptionReporting.ReportGenerator"/>
            depending on <see cref="P:ExceptionReporting.ExceptionReportInfo.ExceptionDateKind"/>
            </summary>
        </member>
        <member name="P:ExceptionReporting.ExceptionReportInfo.ExceptionDateKind">
            <summary>
            Whether to report the date/time of the exception in local or Coordinated Universal Time (UTC).
            Defaults to UTC
            </summary>
        </member>
        <member name="P:ExceptionReporting.ExceptionReportInfo.UserExplanation">
            <summary>
            The text filled in by the user of the Exception Reporter dialog, to explain the error
            If this value is empty, the value and any label/field will be hidden
            </summary>
        </member>
        <member name="P:ExceptionReporting.ExceptionReportInfo.AppAssembly">
            <summary>
            The calling assembly of the running application
            If not set, will default to
            <see cref="M:System.Reflection.Assembly.GetEntryAssembly"/> ??
            <see cref="M:System.Reflection.Assembly.GetCallingAssembly"/>
            </summary>
        </member>
        <member name="P:ExceptionReporting.ExceptionReportInfo.CompanyName">
            <summary>
            The company/owner of the running application.
            Used in the dialog label that reads "...please contact {0} support" and the Email button "Email {0}"
            </summary>
        </member>
        <member name="P:ExceptionReporting.ExceptionReportInfo.ShowGeneralTab">
            <summary>
            Show/hide *General* tab in dialog
            </summary>
        </member>
        <member name="P:ExceptionReporting.ExceptionReportInfo.ShowExceptionsTab">
            <summary>
            Show/hide *Exceptions* tab in dialog
            </summary>
        </member>
        <member name="P:ExceptionReporting.ExceptionReportInfo.ShowSysInfoTab">
            <summary>
            Show/hide *System Information* (SysInfo) tab in dialog
            <remarks> ignored in Mono </remarks> 
            </summary>
        </member>
        <member name="P:ExceptionReporting.ExceptionReportInfo.ShowAssembliesTab">
            <summary>
            Show/hide *Assemblies* tab in dialog
            <remarks> ignored in Mono </remarks>
            </summary>
        </member>
        <member name="P:ExceptionReporting.ExceptionReportInfo.EmailReportAddress">
            <summary>
            Email address used to send the report via email
            Appears in the 'to:' field in the default email client if
            <see cref="P:ExceptionReporting.ExceptionReportInfo.SendMethod"/> is <see cref="F:ExceptionReporting.ReportSendMethod.SimpleMAPI"/>
            </summary>
        </member>
        <member name="P:ExceptionReporting.ExceptionReportInfo.WebServiceUrl">
            <summary>
            The URL to be used to submit the exception report to a RESTful WebService
            Requires <see cref="P:ExceptionReporting.ExceptionReportInfo.SendMethod"/> is set to <see cref="F:ExceptionReporting.ReportSendMethod.WebService"/>
            </summary>
        </member>
        <member name="P:ExceptionReporting.ExceptionReportInfo.WebServiceTimeout">
            <summary>
            Timeout (in seconds) for the WebService
            </summary>
        </member>
        <member name="P:ExceptionReporting.ExceptionReportInfo.ShowEmailButton">
            <summary>
            Whether or not to show/display the button labelled "Email"
            Will assume false if <see cref="P:ExceptionReporting.ExceptionReportInfo.SendMethod"/> is <see cref="F:ExceptionReporting.ReportSendMethod.None"/>
            </summary>
        </member>
        <member name="P:ExceptionReporting.ExceptionReportInfo.TitleText">
            <summary>
            The title of the main ExceptionReporter dialog
            </summary>
        </member>
        <member name="P:ExceptionReporting.ExceptionReportInfo.BackgroundColor">
            <summary>
            Background color of the dialog
            </summary>
        </member>
        <member name="P:ExceptionReporting.ExceptionReportInfo.UserExplanationFontSize">
            <summary>
            The font size of the user input text box
            </summary>
        </member>
        <member name="P:ExceptionReporting.ExceptionReportInfo.TakeScreenshot">
            <summary>
            Take a screenshot automatically when attaching <see cref="M:ExceptionReporting.ExceptionReporter.Show(System.Exception[])"/>
            which will then be available if sending an email using the ExceptionReporter dialog functionality
            </summary>
        </member>
        <member name="P:ExceptionReporting.ExceptionReportInfo.SendMethod">
            <summary>
            The method used to send the report
            </summary>
        </member>
        <member name="P:ExceptionReporting.ExceptionReportInfo.TopMost">
            <summary>
            Show the Exception Reporter as a "TopMost" window (ie TopMost property on a WinForm)
            This can be quite important in some environments (eg Office Addins) where it might get covered by other UI
            </summary>
        </member>
        <member name="P:ExceptionReporting.ExceptionReportInfo.FilesToAttach">
            <summary>
            Any additional files to attach to the outgoing email report (SMTP or SimpleMAPI) 
            This is in addition to the automatically attached screenshot, if configured.
            All files (except those already with .zip extension) will be added into a single zip file and
            attached to the email
            </summary>
        </member>
        <member name="P:ExceptionReporting.ExceptionReportInfo.AttachmentFilename">
            <summary> Gets or sets the attachment filename </summary>
            <value>The attachment filename, extension .zip applied automatically if not provided</value>
        </member>
        <member name="P:ExceptionReporting.ExceptionReportInfo.UserExplanationLabel">
            <summary>
            The text to show in the label that prompts the user to input any relevant message
            </summary>
        </member>
        <member name="P:ExceptionReporting.ExceptionReportInfo.ShowFlatButtons">
            <summary> 
            Show buttons in the "flat" (non 3D) style
            </summary>
        </member>
        <member name="P:ExceptionReporting.ExceptionReportInfo.ShowLessDetailButton">
            <summary>
            Show the button that gives user the option to switch back to "Less Detail".
            NB This was previously fully toggle but we now always show "More Detail" and optionally show "Less Detail"
            </summary>
        </member>
        <member name="P:ExceptionReporting.ExceptionReportInfo.ShowFullDetail">
            <summary>
            Show the tabbed ("More Detailed") view to user straight away
            The purpose of the non-tabbed ("Less Details") view was to avoid scaring users, so the full detaild view is
            best reserved for advanced or technical users
            </summary>
        </member>
        <member name="P:ExceptionReporting.ExceptionReportInfo.ShowButtonIcons">
            <summary>
            Whether to show relevant icons on the buttons
            </summary>
        </member>
        <member name="P:ExceptionReporting.ExceptionReportInfo.ReportTemplateFormat">
            <summary>
            Format of the final report - Defaults to TemplateFormat.Text
            </summary>
        </member>
        <member name="P:ExceptionReporting.ExceptionReportInfo.ReportCustomTemplate">
            <summary>
            A custom/user Handlebar template (Handlebars is almost identical to Mustache) - see https://handlebarsjs.com
            to use instead of the supplied presets
            A populated model will be passed to the template <see cref="T:ExceptionReporting.ReportModel"/>
            See Templates/ReportTemplate.text for example 
            </summary>
        </member>
        <member name="M:ExceptionReporting.ExceptionReportInfo.#ctor">
            <summary>
            default constructor
            </summary>
        </member>
        <member name="M:ExceptionReporting.ExceptionReportInfo.IsSimpleMAPI">
            <summary>
            convenience method
            </summary>
            <returns>true if configuration is set to use SimpleMAPI</returns>
        </member>
        <member name="T:ExceptionReporting.ReportSendMethod">
            <summary>
            The communication method used to send a report 
            </summary>
        </member>
        <member name="F:ExceptionReporting.ReportSendMethod.None">
            <summary>
             No sending (default)
             </summary>
        </member>
        <member name="F:ExceptionReporting.ReportSendMethod.SimpleMAPI">
            <summary>
             Tries to use the Windows default Email client eg Outlook via SMTP
             If a compatible client isn't installed, it will not work, so there is some risk - but in that case, an
             error message will prompt the user to use the "Copy" feature and manually send the result
             <remarks>
             requires <see cref="P:ExceptionReporting.ExceptionReportInfo.EmailReportAddress"/> to be set to a valid email</remarks>
             </summary>
        </member>
        <member name="F:ExceptionReporting.ReportSendMethod.SMTP">
            <summary>
             Sends an Email via an SMTP server - requires other config (host/port etc) properties starting with 'Smtp'
             </summary>
        </member>
        <member name="F:ExceptionReporting.ReportSendMethod.WebService">
            <summary>
            WebService - requires a REST API server accepting content-type 'application/json' of type POST and a
            JSON packet containing the properties represented in the DataContract class 'ExceptionReportPacket'
            An example project doing exactly what is required is included in the ExceptionReporter.NET solution
            </summary>
        </member>
        <member name="T:ExceptionReporting.Properties.Resources">
            <summary>
              A strongly-typed resource class, for looking up localized strings, etc.
            </summary>
        </member>
        <member name="P:ExceptionReporting.Properties.Resources.ResourceManager">
            <summary>
              Returns the cached ResourceManager instance used by this class.
            </summary>
        </member>
        <member name="P:ExceptionReporting.Properties.Resources.Culture">
            <summary>
              Overrides the current thread's CurrentUICulture property for all
              resource lookups using this strongly typed resource class.
            </summary>
        </member>
        <member name="T:ExceptionReporting.ReportGenerator">
            <summary>
            ReportGenerator is the entry point to use 'ExceptionReporter.NET' to retrieve the report/data only.
            ie if the user only requires the report info but has no need to use the show or send functionality available
            </summary>
        </member>
        <member name="M:ExceptionReporting.ReportGenerator.#ctor(ExceptionReporting.ExceptionReportInfo)">
            <summary>
            Initialises some ExceptionReportInfo properties related to the application/system
            </summary>
            <param name="reportInfo">an ExceptionReportInfo, can be pre-populated with config
            however 'base' properties such as MachineName</param>
        </member>
        <member name="M:ExceptionReporting.ReportGenerator.Generate">
            <summary>
            Generate the exception report
            </summary>
            <remarks>
            Generate doesn't do a lot beside feed the builder - this is just to keep the builder free of
            too many concrete (system-reliant) dependencies
            </remarks>
            <returns><see cref="T:ExceptionReporting.ReportModel"/>object</returns>
        </member>
        <member name="M:ExceptionReporting.ReportGenerator.GetOrFetchSysInfoResults">
            <summary>
            get system information and memoize
            </summary>
        </member>
        <member name="T:ExceptionReporting.Report.AssemblyDigger">
            <summary>
            Used to find referenced assemblies
            </summary>
        </member>
        <member name="M:ExceptionReporting.Report.AssemblyDigger.#ctor(System.Reflection.Assembly)">
            <summary>Initialise with root/main assembly</summary>
        </member>
        <member name="M:ExceptionReporting.Report.AssemblyDigger.GetAssemblyRefs">
            <summary>
            Returns all referenced assemblies in a customized array used in <see cref="T:ExceptionReporting.ReportModel"/>
            Memoized
            </summary>
        </member>
        <member name="M:ExceptionReporting.Report.StackTraceMaker.StackTrace(System.Exception)">
            <summary>
            Create a line-delimited string of the exception hierarchy 
            //TODO see Label='EH' in View, which is partly duplicated
            </summary>
        </member>
        <member name="T:ExceptionReporting.ReportModel">
            <summary>
            The top-level model/object passed to report templates
            </summary>
        </member>
        <member name="P:ExceptionReporting.App.Language">
            <summary> eg used in HTML lang attribute </summary>
        </member>
        <member name="P:ExceptionReporting.App.Title">
            <summary> Title of the report </summary>
        </member>
        <member name="P:ExceptionReporting.App.User">
            <summary> optional - will not show field at all if empty </summary>
        </member>
        <member name="P:ExceptionReporting.Error.When">
            <summary> DateTime of exception - defaults is 'Now' but would normally be set via config </summary>
        </member>
        <member name="P:ExceptionReporting.Error.FullStackTrace">
            <summary> Full stack trace string, including any and all inner exceptions and/or multiple exceptions </summary>
        </member>
        <member name="P:ExceptionReporting.Error.Explanation">
            <summary> Optional - user input </summary>
        </member>
        <member name="P:ExceptionReporting.Error.ID">
            <summary> an ID to uniquely identify this particular report (defaults to a generated GUID) </summary>
        </member>
        <member name="T:ExceptionReporting.TemplateFormat">
            <summary>
            Output format of the report 
            </summary>
            <remarks>
            This needs to be in the 1st-level namespace to avoid forcing users to include 2 namespaces
            </remarks>
        </member>
        <member name="F:ExceptionReporting.TemplateFormat.Text">
            <summary> Plain text </summary>
        </member>
        <member name="F:ExceptionReporting.TemplateFormat.Html">
            <summary> HTML (5) </summary>
        </member>
        <member name="F:ExceptionReporting.TemplateFormat.Markdown">
            <summary> Standard markdown </summary>
        </member>
        <member name="T:ExceptionReporting.SystemInfo.SysInfoQuery">
            <summary>
            describes a query to SysInfo (more precisely, the Windows 'WMI' ManagementObjectSearcher)
            </summary>
        </member>
        <member name="T:ExceptionReporting.SystemInfo.SysInfoResult">
            <summary>
            SysInfoResult holds results from a (ultimately WMI) query into system information
            </summary>
        </member>
        <member name="T:ExceptionReporting.SystemInfo.SysInfoResultMapper">
            <summary>
             Map SysInfoResults to human-readable format
            </summary>
        </member>
        <member name="M:ExceptionReporting.SystemInfo.SysInfoResultMapper.SysInfoString">
            <summary>
            create a string representation of a list of SysInfoResults, customised specifically (eg 2-level deep)
            </summary>
        </member>
        <member name="M:ExceptionReporting.SystemInfo.SysInfoResultMapper.AddTreeViewNode(System.Windows.Forms.TreeNode,ExceptionReporting.SystemInfo.SysInfoResult)">
            <summary>
            Add a tree node to an existing parentNode, by passing the SysInfoResult
            </summary>
        </member>
        <member name="T:ExceptionReporting.SystemInfo.SysInfoRetriever">
            <summary>
            Retrieves system information using WMI
            </summary>
        </member>
        <member name="M:ExceptionReporting.SystemInfo.SysInfoRetriever.Retrieve(ExceptionReporting.SystemInfo.SysInfoQuery)">
            <summary>
            Retrieve system information, using the given SysInfoQuery to determine what information to retrieve
            </summary>
            <param name="sysInfoQuery">the query to determine what information to retrieve</param>
            <returns>a SysInfoResult ie containing the results of the query</returns>
        </member>
        <member name="T:ExceptionReporting.Mail.AttachAdapter">
            <summary>
            Provide a plug between incompatible classes that nevertheless need the same "attach" treatment
            </summary>
        </member>
        <member name="T:IViewMaker">
            <summary>
            contract to show view-related things
            </summary>
        </member>
        <member name="M:IViewMaker.Create">
            <summary>
            create the main view/dialog
            </summary>
            <returns><see cref="T:ExceptionReporting.MVP.Views.IExceptionReportView"/></returns>
        </member>
        <member name="M:IViewMaker.ShowError(System.String,System.String)">
            <summary>
            show error 
            </summary>
            <param name="message"></param>
            <param name="description"></param>
        </member>
    </members>
</doc>
